<?xml version="1.0" encoding="UTF-8" ?>
<!DOCTYPE tiles-definitions PUBLIC
       "-//Apache Software Foundation//DTD Tiles Configuration 2.0//EN"
       "http://tiles.apache.org/dtds/tiles-config_2_0.dtd">
<tiles-definitions>
    
    <!-- 주문관리 -->
    <definition name="/admin/order/adminOrderMain" extends="baseLayout">
       <put-attribute name="title" value="주문 관리 페이지" />
       <put-attribute name="body" value="/WEB-INF/views/admin/order/adminOrderMain.jsp" />
    </definition>
    
    <definition name="/admin/order/orderDetail" extends="baseLayout">
       <put-attribute name="title" value="주문 관리 페이지" />
       <put-attribute name="body" value="/WEB-INF/views/admin/order/adminOrderDetail.jsp" />
    </definition>    
    
    
</tiles-definitions>


